Код,Категории,Название,Характеристики
1424659204,Товары для животных;Для кошек;Корма и лакомства;Влажные корма;Мнямс,"Корм Мнямс Delicatesse (в желе) для кошек, курица, 70 г x 12 шт"
1477895181,Товары для животных;Для собак;Корма и лакомства;Сухие корма;Mr.Buffalo,"Корм Mr. Buffalo Adult M/L для собак средних и крупных пород, с курицей, 2 кг"
1093670374,Товары для животных;Для грызунов и хорьков;Корма и лакомства,Сафлор зерно сухой корм для домашних лесных уличных декоративных птиц попугаев канареек голубей и грызунов 2000г.
865818741,Товары для животных;Для грызунов и хорьков;Корма и лакомства;Little One,"Корм для морских свинок Little One (Литтл Уан), 400гр"
1426144382,Товары для животных;Для собак;Корма и лакомства;Сухие корма;Royal Canin,"Royal Canin Breed dog Labrador Retriever Adult / Сухой корм Роял Канин для взрослых собак породы Лабрадор старше 15 месяцев, 12 кг"
918048777,Товары для животных;Для кошек;Корма и лакомства;Сухие корма;Purina ONE,Сухой корм PURINA ONE для взрослых кошек живущих дома с индейкой и злаками (3кг + 3 кг)
1447339832,Товары для животных;Для кошек;Корма и лакомства;Сухие корма;PRO PLAN,Корм сухой JUNIOR DELICATE С ИНДЕЙКОЙ для котят и беременных кошек (пакет) 400+400 гр (Pro Plan)
527977744,Товары для животных;Для кошек;Корма и лакомства;Сухие корма;ALLEVA,"Alleva Holistic Cat Neutered с Курицей и Уткой 1,5кг"
1355289006,Товары для животных;Для кошек;Корма и лакомства;Влажные корма;ZooRing,Консервы ZooRing для кастрированных котов и стерилизованных кошек с львинкой мясное ассорти паштет (100 г х 16 шт)
1496292323,Товары для животных;Для собак;Корма и лакомства;Сухие корма;Grand Dog,"Корм для собак Grand Dog MIX universal супер-премиум класса, 20 кг"
614421653,Товары для животных;Для кошек;Корма и лакомства;Сухие корма;Whiskas,Полнорационный сухой корм Whiskas для кошек подушечки/паштет Говядина 5кг
1124287624,Товары для животных;Для кошек;Корма и лакомства;Сухие корма;Elato,"Сухой корм Элато Холистик (Elato Holistic) для кошек Ягненок и Оленина 1,5кг"
1331437500,Товары для животных;Для кошек;Корма и лакомства;Лакомства;Деревенские лакомства,Деревенские лакомства для кошек Нежное пюре из курицы - 40 г х 10 уп
1004737246,Товары для животных;Для кошек;Корма и лакомства;Сухие корма;Kitekat,"Корм сухой для кошек ""Kitekat"", телятинка аппетитная, 1,9кг. х 4шт."
1099579876,Товары для животных;Для собак;Корма и лакомства;Сухие корма;BUDDY DINNER,"Корм сухой для собак всех пород BUDDY DINNER Супер Премиум класса Gold Line гипоаллергенный, полнорационный, без добавок, 100% натуральный состав лосось 20 кг"
406879814,Товары для животных;Для кошек;Корма и лакомства;Влажные корма;Royal Canin,"Влажный корм Royal Canin Hair&Skin Care пауч для поддержания здоровья кожи и шерсти кошек (кусочки в желе) с мясом, 85г х 28шт."
1348618059,Товары для животных;Для собак;Корма и лакомства;Сухие корма;Mr.Buffalo,"Корм Mr. Buffalo Adult M/L для собак средних и крупных пород, с курицей, 2 кг"
1335379166,Товары для животных;Для грызунов и хорьков;Корма и лакомства,Сафлор зерно сухой корм для домашних лесных уличных декоративных птиц попугаев канареек голубей и грызунов 2000г.
834538676,Товары для животных;Для кошек;Корма и лакомства;Влажные корма;Мнямс,"Корм Мнямс Delicatesse (в желе) для кошек, курица, 70 г x 12 шт"
1421817428,Товары для животных;Для грызунов и хорьков;Корма и лакомства;Little One,"Корм для морских свинок Little One (Литтл Уан), 400гр"
1363369177,Товары для животных;Для собак;Корма и лакомства;Сухие корма;Royal Canin,"Royal Canin Breed dog Labrador Retriever Adult / Сухой корм Роял Канин для взрослых собак породы Лабрадор старше 15 месяцев, 12 кг"
1447555966,Товары для животных;Для кошек;Корма и лакомства;Сухие корма;Purina ONE,Сухой корм PURINA ONE для взрослых кошек живущих дома с индейкой и злаками (3кг + 3 кг)
992350952,Товары для животных;Для кошек;Корма и лакомства;Влажные корма;Organic Choice,"Organic Сhoice GF, Влажный корм для кошек, ТУНЕЦ с СИБАСОМ в соусе (6 шт. по 70 гр.)"
1500632802,Товары для животных;Для кошек;Корма и лакомства;Сухие корма;Pro Plan Veterinary Diets,"Сухой корм Pro Plan для поддержания красоты шерсти и здоровья кожи, с лососем, пакет, 1.5 кг"
709595392,Товары для животных;Ветаптека;Парафармацевтика;Кормовые добавки;Olimpia Village,Лососевое масло для собак и кошек / Масло Дикого Камчатского лосося для животных / Рыбий жир для собак и кошек
1400151804,Товары для животных;Для кошек;Корма и лакомства;Сухие корма;AWARD,"AWARD Healthy growth 400г сухой корм для котят от 1 месяца, беременных и кормящих кошек с индейкой и курицей с добавлением рыбьего жира и семян льна"
1348488695,Товары для животных;Для грызунов и хорьков;Корма и лакомства;Зоомир,"Минеральный камень ЗООМИР для грызунов с пробиотиком, 6шт"
1452575701,Товары для животных;Для грызунов и хорьков;Корма и лакомства;Versele-Laga,Корм для дегу Versele-Laga Nature Degu 700 г
762787533,Товары для животных;Для собак;Корма и лакомства;Сухие корма;PRO PLAN,"Pro Plan корм для собак всех возрастов и пород при заболеваниях почек 1,5 кг"
626597092,Товары для животных;Для кошек;Корма и лакомства;Сухие корма;Whiskas,"Корм для кошек сухой вискас, Whiskas Вкусные подушечки, для взрослых кошек, с нежным паштетом и лососем, 1.9 кг"
1261189451,Товары для животных;Для собак;Корма и лакомства;Влажные корма;Grandin,Влажный корм Grandin с курицей и льняным маслом для собак 400 г
1478145347,Товары для животных;Для кошек;Корма и лакомства;Сухие корма;Royal Canin,"Royal Canin Breed cat Kitten British Shorthair / Сухой корм Роял Канин для Котят породы Британская короткошерстная в возрасте от 4 до 12 месяцев, 2 кг"
1350393048,Товары для животных;Для кошек;Корма и лакомства;Сухие корма;Деревенские лакомства,Деревенские лакомства Холистик Премьер сухой для кошек при чувствительном пищеварении Индейка 2кг
1247191686,Товары для животных;Для кошек;Корма и лакомства;Влажные корма;Berkley,Беркли №2 консервы для кошек Кролик с клюквой 200гр х 6шт
1465397413,Товары для животных;Для собак;Корма и лакомства;Влажные корма;Ем до дна,Корм влажный для щенков с говядиной 100 гр.
1240784470,Товары для животных;Для собак;Корма и лакомства;Сухие корма;Farmina,"Сухой корм Farmina N&D SPIRULINA DOG, LAMB ADULT MEDIUM&MAXI, беззерновой корм для взрослых собак средних и крупных пород, Ягненок и Спирулина, 7 кг"
959025811,Товары для животных;Для птиц;Корма и лакомства;Ясени,"Корм для птиц, канареечное семя 3000г"
985836505,Товары для животных;Для собак;Корма и лакомства;Лакомства;Деревенские лакомства,Деревенские лакомства мясные колбаски для собак с мясом страуса - 45 г х 10 уп
1223969404,Товары для животных;Для кошек;Корма и лакомства;Сухие корма;PRO PLAN,"PRO PLAN для кошек сухой 1,5кг Sterilised Индейка для кастрированных и стерилизованных"
1304304991,Товары для животных;Для собак;Корма и лакомства;Лакомства;Мнямс,Ломтики Лакомство МНЯМС для собак грудки утиные сушеные 50 гр
1304305100,Товары для животных;Для рыб и рептилий;Корма для рыб;Tetra,"Корм Tetra 10л, Cichlid Sticks палочки для всех видов цихловых и крупных декоративных рыб"
1085756271,Товары для животных;Для кошек;Корма и лакомства;Влажные корма;Best Dinner,"Влажный корм Best Dinner Exclusive Vet Profi Gastro Intestinal для любых кошек, для ЖКТ, кусочки в соусе с ягненком, (24шт по 85г)"
1051121520,Товары для животных;Для собак;Корма и лакомства;Сухие корма;CARNI VET Diet,"CARNI VD DOG GASTROINTESTINAL для собак при растройствах ЖКТ, 2,5 кг"
1436340389,Товары для животных;Для собак;Корма и лакомства;Сухие корма;Royal Canin,"Корм сухой Royal Canin Giant Junior для щенков очень крупных пород собак ( > 45 кг) от 8 до 24 месяцев, 3,5 кг"
1465463389,Товары для животных;Для кошек;Корма и лакомства;Влажные корма;Best Dinner,"Влажный корм для кошек Best Dinner VET PROFI Gastro Intestinal кусочки в соусе Ягненок, 85 г х 24 шт для чувствительного пищеварения и пищевой непереносимости, пауч (Бест Диннер)"
1037306895,Товары для животных;Для кошек;Корма и лакомства;Влажные корма;Четвероногий Гурман,Влажный корм для котят Четвероногий Гурман Мясное ассорти с говядиной упаковка 6 шт х 190 г
794240935,Товары для животных;Для кошек;Корма и лакомства;Сухие корма;Whiskas,"Корм Whiskas для стерилизованных кошек, подушечки с паштетом, курица, 800 г"
521077279,Товары для животных;Для лошадей;Корм для лошадей;Два Кота,Сено луговое; не прессованное; отборное; 24 литра
266186991,Товары для животных;Для кошек;Корма и лакомства;Сухие корма;Felix,"FELIX ДВОЙНАЯ ВКУСНЯТИНА / Сухой корм Пурина Феликс для взрослых кошек с мясом, 200 г"
907230929,Товары для животных;Для кошек;Корма и лакомства;Сухие корма;ALLEVA,"Alleva Holistic Cat Neutered с Курицей и Уткой 1,5кг"
905929034,Товары для животных;Для птиц;Корма и лакомства;Triol,"Корм для средних попугаев, 450г, Triol Original"
985837385,Товары для животных;Для кошек;Корма и лакомства;Лакомства;Cattyman,"Лакомство для кошек CattyMan Pet Молочные бисквиты на основе королевской сёмги для чистки зубов , 60 г"
1420834753,Товары для животных;Для кошек;Корма и лакомства;Влажные корма;ZooRing,Консервы ZooRing для кастрированных котов и стерилизованных кошек с львинкой мясное ассорти паштет (100 г х 16 шт)
894795219,Товары для животных;Для рыб и рептилий;Корма для рыб;VladOx,Корм для сомов PLECO SPIRULINA чипсы Германия 250мл
1471662723,Товары для животных;Для грызунов и хорьков;Корма и лакомства;Little One,"Little One ""Зеленая долина"" Корм из разнотравья для дегу, пакет 750 гр * 4 шт"
1004229608,Товары для животных;Для собак;Корма и лакомства;Сухие корма;Flatazor,"Flatazor Elite Adult Mini. Профессиональный корм супер-премиум класса для взрослых собак мелких пород, 40 важных микроэлементов, защита витаминов и природные антиоксиданты, 20кг"
806618793,Товары для животных;Для собак;Корма и лакомства;Лакомства;For Dogs,"Лакомство для собак FOR DOGS Рецепт № 9, медальоны из утиного мяса, 500 гр"
872619076,Товары для животных;Для кошек;Корма и лакомства;Влажные корма;Royal Canin,Влажный корм Royal Canin Persian Adult (паштет) для кошек 85 г х 24 шт 20300008/24шт
979972049,Товары для животных;Для собак;Корма и лакомства;Сухие корма;Forza10,Корм MAXI ADULT MAINTENANCE из рыбы
1480886997,Товары для животных;Для кошек;Корма и лакомства;Сухие корма;Primordial,"Primordial CAT Adult GRAIN-FREE Duck&Turkey беззерновой корм для взрослых кошек, со свежей индейкой и уткой, 6 кг"
1250108395,Товары для животных;Для собак;Корма и лакомства;Сухие корма;Brit,"BRIT CARE, Сухой корм с морск.рыбой и инд. д/взр.соб ""Dog Adult Sensitive Metabolic"", 1.5 кг"
1434249228,Товары для животных;Для кошек;Корма и лакомства;Сухие корма;Purina ONE,"Сухой корм Purina ONE для котят с курицей и цельными злаками, 200 г"
358891651,Товары для животных;Для кошек;Корма и лакомства;Влажные корма;Animonda,Корм для домашних животных Vom Feinsten Senior (с говядиной) для кошек 100 г х 32 шт 83857/32шт
1438917379,Товары для животных;Для кошек;Корма и лакомства;Влажные корма;Clan,"CLAN De File консервы для котят с телятиной, 340 г х 12 шт"
1008072405,Товары для животных;Для кошек;Корма и лакомства;Сухие корма;PRO PLAN,Корм сухой JUNIOR DELICATE С ИНДЕЙКОЙ для котят и беременных кошек (пакет) 400+400 гр (Pro Plan)
1428360744,Товары для животных;Для кошек;Корма и лакомства;Сухие корма;Hill's,"Hill's Prescription Diet сухой корм для кошек Metabolic улучшение метаболизма (коррекция веса) с тунцом, 1,5 кг"
1304013684,Товары для животных;Для кошек;Корма и лакомства;Влажные корма;Dr.Clauder's,"Dr. clauders консервы для кошек с печенью, 415 гр х 12 шт"
1421084887,Товары для животных;Для собак;Корма и лакомства;Лакомства;Зоогурман,"Зоогурман Фермерские Лакомства для собак, легкое говяжье малое (светлое), 50 г"
942634121,Товары для животных;Для кошек;Корма и лакомства;Лакомства;T&Ch,Кошачья мята 1000 грамм сушенная трава лакомство для кошек для привлечения внимания
1232384133,Товары для животных;Для кошек;Корма и лакомства;Сухие корма;D-CaDo Pets,"D-CaDo CAT URINARY корм для стерилизованных взрослых кошек 1,5кг"
1024406749,Товары для животных;Ветаптека;Парафармацевтика;Кормовые добавки;Артрогликан,"Артрогликан 3 упаковки (90табл)/Кормовая добавка для суставов собак, кошек, крыс, хорей/Хондропротектор"
989043318,Товары для животных;Для кошек;Корма и лакомства;Сухие корма;Наша Марка,Сухой корм для взрослых кошек с ягненком и рисом 2кг
1444538598,Товары для животных;Для собак;Корма и лакомства;Влажные корма;NUH,Беззерновой влажный корм для собак суперпремиум с говядиной 340 г NUH - 10 банок
1461057684,Товары для животных;Для собак;Корма и лакомства;Сухие корма;JJ-SPORT,"Сухой полнорационный корм ""Джамп"" Живая Сила Спорт (JJ-SPORT) для взрослых собак, поддержка суставов и хрящей, с ягненком, мелкая гранула 0,4 кг"
964050747,Товары для животных;Для собак;Корма и лакомства;Сухие корма;Chammy,Сухой корм CHAMMY для взрослых собак крупных пород с говядиной (12 кг)
1034400116,Товары для животных;Для птиц;Клетки,"Клетка для птиц ,59,5 1 0,5 ."
441719493,Товары для животных;Для кошек;Корма и лакомства;Влажные корма;Animonda,Корм для домашних животных Vom Feinsten Adult (Кролик в сливочном соусе) для кошек 100 г х 32 шт 83010/32шт
1436444883,Товары для животных;Для собак;Корма и лакомства;Лакомства,"Пятачки свиные, сушенные, 2шт. Для мелких, средних и крупных пород собак. Для дрессировки и поощрения, НямДог"
1437520059,Товары для животных;Для кошек;Корма и лакомства;Сухие корма;Brit,"РАСПРОДАЖА Brit Care Cat Indoor Stool Odour Reduction 7 кг сухой корм для взрослых домашних кошек, с индейкой и лососем"
925914632,Товары для животных;Для собак;Корма и лакомства;Лакомства;Titbit,ТитБит 20шт х 120г Золотая коллекция колбаса Пармская для собак
1432882481,Товары для животных;Для кошек;Корма и лакомства;Влажные корма;Деревенские лакомства,"Влажный корм для кошек ""Деревенские лакомства"" Рыбный обед №2 из тунца с курицей в нежном желе, пауч 50 гр.*12 штук"
1291413993,Товары для животных;Для собак;Корма и лакомства;Сухие корма;Royal Canin,"Royal Canin Mini Starter Mother & Babydog сухой корм для щенков, беременных и лактирующих сук мелких пород - 8,5 кг"
1476675586,Товары для животных;Для птиц;Корма и лакомства;Grums,"GRUMS Корм для волнистых попугаев, 800 гр."
1449522270,Товары для животных;Для кошек;Корма и лакомства;Сухие корма;Purina ONE,"Корм сухой / Пурина Ван / Purina One для стерилизованных кошек курица-цельные злаки, 750г"
1408464112,Товары для животных;Для собак;Корма и лакомства;Сухие корма;Holistoff,Сухой корм HOLISTOFF гипоаллергенный для собак и щенков маленьких и средних пород с ягненком и рисом (12 кг)
1434843525,Товары для животных;Для собак;Корма и лакомства;Лакомства;Country snaсk,"Лакомство Country snack ""Говяжья трахея рубленная"" для собак 60 г."
1261214143,Товары для животных;Для собак;Корма и лакомства;Влажные корма;Inaba Pet Food,"INABA ТОРОМИ (12 шт. по 80 гр.) Консервированный корм для собак, ФИЛЕ КУРИЦЫ, ГОВЯДИНА"
1262789559,Товары для животных;Для собак;Корма и лакомства;Сухие корма;BUDDY DINNER,"Корм сухой для собак всех пород BUDDY DINNER Супер Премиум класса Gold Line гипоаллергенный, полнорационный, без добавок, 100% натуральный состав лосось 20 кг"
1448261152,Товары для животных;Для собак;Корма и лакомства;Сухие корма;GRANDORF,"Сухой корм Grandorf для собак беззерновой, утка с индейкой для средних и крупных пород 3 кг"
1320224560,Товары для животных;Для собак;Корма и лакомства;Лакомства;Holly Jolly!,Holly Jolly! Лакомство для собак мелких пород Кусочки из курицы 60гр*3шт
1276346828,Товары для животных;Для собак;Корма и лакомства;Влажные корма;МАМОНТ,"Влажный корм для собак с кроликом, Мамонт Стандарт, упаковка 6 шт х 970 г"
623875360,Товары для животных;Для кошек;Корма и лакомства;Сухие корма;Kitekat,"Корм сухой для кошек ""Kitekat"", телятинка аппетитная, 1,9кг. х 4шт."
1472384858,Товары для животных;Для кошек;Корма и лакомства;Влажные корма;Brit,"Brit Premium кормушка набор паучей для взрослых стерилизованных кошек с лососем, кусочки в соусе - 85 г х 5+1 шт"
1474223806,Товары для животных;Для кошек;Корма и лакомства;Влажные корма;Mealfeel,"Mealfeel Влажный корм (консервы) для кошек, мусс из тунца с топпингом из креветок, 85 гр."
1150322552,Товары для животных;Для собак;Корма и лакомства;Сухие корма;Forza10,Сухой корм для собак Forza10 Mini Maintenance мелких пород /курица /картофель /2 кг
1048552750,Товары для животных;Для собак;Корма и лакомства;Сухие корма;PRO PLAN,PRO PLAN для собак сухой 3кг Adult Small&Mini Sensitive Digestion Ягненок с рисом для мелких пород
323526644,Товары для животных;Для кошек;Корма и лакомства;Влажные корма;Forza10,"Forza10 Natural Pollo Tonno Formaggio влажный корм для взрослых кошек с курицей, сыром и тунцом - 75 г х 24 шт"
944750702,Товары для животных;Для кошек;Корма и лакомства;Сухие корма;Florida,"Сухой корм FLORIDA для кошек, с чувствительным пищеварением с индейкой и яблоком, 3 кг + 1 кг"
457103354,Товары для животных;Для кошек;Корма и лакомства;Сухие корма;Деревенские лакомства,Сухой корм Деревенские лакомства Холистик Премьер для стерилизованных кошек с лососем 400 г
523799045,Товары для животных;Для кошек;Корма и лакомства;Сухие корма;Elato,"Сухой корм Элато Холистик (Elato Holistic) для кошек Ягненок и Оленина 1,5кг"
1250289067,Товары для животных;Для кошек;Корма и лакомства;Лакомства;Green Line,"Трава для кошек, лакомство для кошек, добавка в корм, вкусняшки, для проращивания"
1098848468,Товары для животных;Для собак;Корма и лакомства;Лакомства;Titbit,"Лакомство для собак TiTBiT Корень бычий мини, 100 г*2 шт"
642006934,Товары для животных;Ветаптека;Парафармацевтика;Кормовые добавки;Buffet,БИО Витамины BUFFET ВитаЛапки 50 таб поливитаминное лакомство с протеином и L-карнитином для собак
1423250935,Товары для животных;Для кошек;Корма и лакомства;Лакомства;Деревенские лакомства,Деревенские лакомства сердечки для кошек для баланса жизненно необходимых микроэлементов - 30 г
1205144433,Товары для животных;Для кошек;Корма и лакомства;Влажные корма;Organix,Organix паучи для котят индейка в соусе 85г - 6 шт.
1352240222,Товары для животных;Для собак;Корма и лакомства;Сухие корма;Brit,"Brit Premium Puppy & Junior Giant & Large / Сухой корм Брит Премиум для Щенков и Молодых собак Крупных и Гигантских пород Курица, 15 кг"
698660891,Товары для животных;Для птиц;Корма и лакомства;Вака,"Вака Корм Плюс для мелких и средних попугаев 500г,3 шт"
1062921193,Товары для животных;Для кошек;Корма и лакомства;Сухие корма;Belkorm,Корм для кошек
871963686,Товары для животных;Для собак;Корма и лакомства;Сухие корма;Royal Canin,"Royal Canin Sensitivity Control SC21 / Ветеринарный сухой корм Роял Канин Сенситивити Контрол для собак с Пищевой аллергией и непереносимостью 1,5 кг"
1323359048,Товары для животных;Для собак;Корма и лакомства;Влажные корма;Родные Корма,Корм Знастные Собаки; Упаковка 12 ШТУК; РОДНЫЕ КОРМА 340 г знатные консервы 100 % конина для собак 1х12
881834822,Товары для животных;Для кошек;Корма и лакомства;Влажные корма;Schesir,Schesir кусочки в желе со вкусом тунца и дорадо (6шт по 100Г)
989530974,Товары для животных;Для собак;Корма и лакомства;Сухие корма;AJO,Сухой корм Ajo Dog PUPPY & JUNIOR полнорационный с гречкой для щенков и молодых собак средних и крупных пород 2 кг
1302156246,Товары для животных;Для собак;Корма и лакомства;Лакомства;Titbit,Лакомство для собак ТитБит косточки мясные с говядиной 145г
1334334745,Товары для животных;Для кошек;Корма и лакомства;Влажные корма;Whiskas,Корм для рыб Tetra Goldfish Colour Flakes 100мл хлопья
634244171,Товары для животных;Для собак;Корма и лакомства;Сухие корма;Royal Canin,"Влажный корм для кошек Whiskas Мясная коллекция, кусочки в желе с говядиной, 75 г x 28"
1396312509,Товары для животных;Для собак;Корма и лакомства;Влажные корма;Crave,Корм для взрослых собак Royal Canin Pug Adult сухой для породы Мопс от 10 месяцев
1456807448,Товары для животных;Для кошек;Корма и лакомства;Сухие корма;PRO PLAN,"Влажный корм Crave пауч для собак, Ягненок, 85 гр. х 28 шт"
1461160188,Товары для животных;Для собак;Корма и лакомства;Сухие корма;Mr.Buffalo,"Сухой корм Pro Plan для взрослых стерилизованных кошек и кастрированных котов, с высоким содержанием лосося 10кг."
1326836448,Товары для животных;Для кошек;Корма и лакомства;Влажные корма;PRIME,Mr.Buffalo Adult Mini полнорационный сухой корм для взрослых собак миниатюрных пород с ягненком - 800 г
1408670525,Товары для животных;Для кошек;Корма и лакомства;Влажные корма;PRO PLAN,Влажный корм для любых кошек Prime Nature Куриное филе (пауч) (24шт х 100гр)
671389247,Товары для животных;Для собак;Корма и лакомства;Лакомства;SCOOBY,"Pro Plan влажный корм для взрослых кошек всех пород, индейка, деликатное пищеварение (26шт в уп) 85 гр, паучи"
1152358100,Товары для животных;Для собак;Корма и лакомства;Влажные корма;Organix,"Лакомства для собак мелких пород и крупных SCOOBY щенков, сушеное натуральное говяжье легкое, 100 гр"
1279399309,Товары для животных;Для кошек;Корма и лакомства;Сухие корма;PREMIER,"Organix монобелковые премиум консервы для собак, с гусем, 9 шт. по 400 гр."
1335622434,Товары для животных;Для собак;Корма и лакомства;Сухие корма;SAVITA,Сухой корм для котят PREMIER. Индейка. 400г
1265121474,Товары для животных;Для собак;Корма и лакомства;Сухие корма;Холка,"Savita - Сухой корм для взрослых собак, с ягненком и бурым рисом (15 кг)"
919283851,Товары для животных;Для кошек;Корма и лакомства;Сухие корма;Royal Canin,"Корм Холка для щенков средних и крупных пород, с говядиной и рисом, 7 кг"
1226660479,Товары для животных;Для кошек;Корма и лакомства;Влажные корма;PRO PLAN,Роял Канин MAINE COON KITTEN корм для котят породы мейн-кун в возрасте от 3 до 15 месяце 400 г*12 шт
1006205238,Товары для животных;Для кошек;Корма и лакомства;Сухие корма;Whiskas,"Pro Plan Sterilised влажный корм для взрослых стерилизованных кошек с говядиной в соусе, в паучах - 85 г х 26 шт"
1299991769,Товары для животных;Для собак;Корма и лакомства;Лакомства;Molina,Полнорационный сухой корм Whiskas для кошек подушечки/паштет Говядина 5кг
1218794492,Товары для животных;Для собак;Корма и лакомства;Лакомства;SVB-IN,Лакомство MOLINA для взрослых собак колбаски с курицей и индейкой (20 гр)x10 штук
1193763542,Товары для животных;Для кошек;Корма и лакомства;Сухие корма;AJO,"SVB-IN Лакомство для собак Трахея говяжья для мелких пород собак S, 90-100 гр"
1045947023,Товары для животных;Для собак;Корма и лакомства;Сухие корма;Myfoodie,"Сухой корм AJO Sterile для активных стерилизованных кошек, 1,5кг"
668491469,Товары для животных;Для собак;Корма и лакомства;Лакомства,"Сухой беззерновой корм для собак MYFOODIE MG GEO с кусочками ОЛЕНИНЫ и моркови, 1,8 кг"
1400152950,Товары для животных;Для кошек;Корма и лакомства;Сухие корма;1st Choice,"Печенье для собак из говяжьей печени 350гр / размер 1,5 х 1,5 см, 1 уп"
1467206229,Товары для животных;Для собак;Корма и лакомства;Лакомства;HorDog,"1ST CHOICE GF DERMA Сухой корм для кошек с гиперчувствительной кожей (ЛОСОСЬ), 1,8 кг"
1228565636,Товары для животных;Для собак;Корма и лакомства;Сухие корма;Myfoodie,"Лакомство для собак ""Пятачки свиные"" 1кг HorDog"
1123833361,Товары для животных;Для кошек;Корма и лакомства;Влажные корма;PRO PLAN,"Myfoodie mg hair care сухой корм для собак уход за шерстью, с кусочками курицы, 1,5 кг"
1451347316,Товары для животных;Ветаптека;Парафармацевтика;Кормовые добавки;Фармавит Актив,"Влажный корм Pro Plan Nutri Savour Derma Care для взрослых кошек, нежные кусочки с треской, в соусе, Пауч, 85 гр. 26 шт."
955091325,Товары для животных;Для собак;Корма и лакомства;Лакомства;Амиго,Витаминно-минеральный комплекс С-Ш Фармавит АКТИВ для собак Красота и здоровье шерсти 120таб.
1405418357,Товары для животных;Для кошек;Корма и лакомства;Лакомства;EQOS,Лакомство для собак - Трахея говяжья сушеная (кольца) 100 гр.
556960119,Товары для животных;Для птиц;Корма и лакомства,"Кошачья мята / Палочки мататаби отборные для кошек 10 штук, Лакомство для кошек, Игрушка для котят и котов с витаминами"
1214587777,Товары для животных;Для грызунов и хорьков;Корма и лакомства;Little One,"Комплексный корм для попугаев и птиц, 1000 грамм"
1103219784,Товары для животных;Для кошек;Корма и лакомства;Лакомства;Хрустик,Корм для грызунов сухой Little One / Литл Ван Зеленая долина основной рацион из разнотравья 750г / для кроликов / зоотовары для животных
732985523,Товары для животных;Для собак;Корма и лакомства;Влажные корма;Наша Марка,Корень бычий для собак 30см. (1 шт)
816804683,Товары для животных;Для собак;Корма и лакомства;Сухие корма;GRANDORF,"Корм Наша Марка (паштет) для собак, с говяжьим ливером и рисом, 110 г x 20 шт"
1411725616,Товары для животных;Для собак;Корма и лакомства;Влажные корма;Мнямс,Грандорф для щенков всех пород с ягнёнком и индейкой 3 кг (Низкозерновой сухой корм GRANDORF Lamb & Turkey Puppy All Breed)
1465330138,Товары для животных;Для птиц;Корма и лакомства;Exoprima,"Мнямс Влажный корм для собак всех пород Конфи по-гасконски / Утка с малиной, 200г х 12шт"
644139279,Товары для животных;Для собак;Корма и лакомства;Сухие корма;PETVADOR,"Корм для канареек EXOPRIMA ""То что надо!"" 500г"
473375558,Товары для животных;Для кошек;Корма и лакомства;Сухие корма;PRO PLAN,Полнорационный сухой корм для взрослых собак средних и крупных пород с чувствительным пищеварением 15 кг
1449618738,Товары для животных;Для кошек;Корма и лакомства;Лакомства;DOGAM,Сухой корм для кошек Pro Plan Delicate при чувствительном пищеварении с ягненком 1.5 кг
1455610979,Товары для животных;Для собак;Корма и лакомства;Сухие корма;Royal Canin,Говяжьи носогубы Dogam 300 грамм
324336731,Товары для животных;Для собак;Корма и лакомства;Влажные корма;Cesar,Корм для домашних животных Royal Canin West Highland White Terrier для собак породы Вест-Хайленд Уайт терьер 3 кг 39810300
1466262453,Товары для животных;Для грызунов и хорьков;Корма и лакомства;Престиж Футон,"Cesar для взрослых собак, с говядиной, кроликом и шпинатом в соусе, 85г"
1460851897,Товары для животных;Для собак;Корма и лакомства;Лакомства;Beaphar,"Лакомство для грызунов Престиж ""Домик Хомы"""
664677718,Товары для животных;Для собак;Корма и лакомства;Каши;Альма,"Beaphar ( Беафар ) Лакомство витамины Doggys Biotin с биотином для собак, 75 таблеток"
882213124,Товары для животных;Для кошек;Корма и лакомства;Влажные корма;Dezzie,"Каша с гречкой ""Альма"" /Корм для собак натуральный"
1342970246,Товары для животных;Для собак;Корма и лакомства;Влажные корма;Solid Natura,"Корм для кошек стерилизованных влажный DEZZIE Sterilized Cat Turkey (пауч)12шт - 85г, Индейка в соусе"
1341324903,Товары для животных;Для собак;Корма и лакомства;Сухие корма;Elato,"Влажный корм для собак Solid Natura Holistic индейка, упаковка 12 шт х 340 г"
1318837931,Товары для животных;Для птиц;Корма и лакомства;Родные Корма,"Сухой корм Elato Holistic для взрослых собак мелких пород с курицей и уткой, 500г"
762924849,Товары для животных;Для рыб и рептилий;Корма для рыб;Tetra,"Корм РОДНЫЕ КОРМА для волнистых попугаев, с овощами, 500 г"
1166872968,Товары для животных;Для кошек;Корма и лакомства;Влажные корма;Ночной охотник,Хлопья TETRA MALAWI FLAKES корм хлопья для травоядных цихлид (1 л)
652145767,Товары для животных;Для собак;Корма и лакомства;Сухие корма;Grand Dog,"""Ночной охотник"" консервы для кошек Говядина/печень кусочки желе 415г (20шт)"
914835046,Товары для животных;Для кошек;Корма и лакомства;Сухие корма;ДАРЛИНГ,"Корм для собак Grand Dog MIX universal супер-премиум класса, 20 кг"
1081908414,Товары для животных;Для кошек;Корма и лакомства;Лакомства;Деревенские лакомства,Дарлинг сухой корм для взрослых кошек с птицей и овощами - 760 г
1366500867,Товары для животных;Для собак;Корма и лакомства;Влажные корма;Dog Lunch,Деревенские лакомства для кошек Нежное пюре из курицы - 40 г х 10 уп
1097584791,Товары для животных;Для собак;Корма и лакомства;Лакомства;Vkusno.pet,Dog Lunch консервы для собак крем-суфле Ягненок с курицей 125г (10 штук)
1449507070,Товары для животных;Для собак;Корма и лакомства;Сухие корма;ProХвост / Прохвост,"Вымя говяжье натуральное лакомство для собак мелких, средних и крупных пород"
1357339030,Товары для животных;Для грызунов и хорьков;Корма и лакомства;Экоптица,"Корм сухой для собак PROХВОСТ, мясное ассорти, для всех пород, 0.5 кг, 1 шт"
828125441,Товары для животных;Для кошек;Корма и лакомства;Сухие корма;Наша Марка,"Сенегальское ПРОСО 0,3кг (очищенное), корм для птиц и грызунов"
1099556629,Товары для животных;Для собак;Корма и лакомства;Сухие корма;Мираторг,"Корм Наша Марка для кошек, с цыпленком и рисом, 400 г"
1435167843,Товары для животных;Для собак;Корма и лакомства;Влажные корма;Hill's,"Корм Мираторг Expert Obesity для собак, при избыточном весе и ожирении, 1.5 кг"
1322983934,Товары для животных;Для кошек;Корма и лакомства;Сухие корма;AlphaPet,"Влажный корм (консерва) Hill's Science Plan Small&Mini Perfect Weight для взрослых собак мелких пород с индейкой,3шт. по 200г"
1006236745,Товары для животных;Для собак;Корма и лакомства;Лакомства;Triol,"Сухой корм AlphaPet WOW Superpremium, для стерилизованных кошек и котов, с индейкой и потрошками 7 кг"
1000804987,Товары для животных;Для грызунов и хорьков;Корма и лакомства,"Лакомство для собак Triol / Триол DENTAL NORM для взрослых животных средних пород, жевательные палочки 75г / сухой корм (комплект из 10 шт)"
1049747822,Товары для животных;Для кошек;Корма и лакомства;Сухие корма;Royal Canin,Копошилка для попугаев и грызунов/Лакомство/Игрушка для попугаев и грызунов
1462875741,Товары для животных;Для кошек;Корма и лакомства;Сухие корма;Merry Pets,"Сухой корм Royal Canin Indoor Long Hair для длинношерстных домашних кошек, с курицей, 10 кг"
880270546,Товары для животных;Для собак;Корма и лакомства;Влажные корма;Grandin,Merry Pets полнорационный сухой корм для стерилизованных кошек
491470936,Товары для животных;Для собак;Корма и лакомства;Сухие корма;ALLEVA,Влажный корм Grandin с ягненком и льняным маслом для собак 200 г
1474372005,Товары для животных;Для кошек;Корма и лакомства;Влажные корма;Деревенские лакомства,"Сухой корм Alleva Care Dog Gastrointestinal Low Fat / Аллева Кэр Гастроинтестинал с низким содержанием жиров, для взрослых собак всех пород, с заболеваниями ЖКТ, курица, 5 кг"
1477653571,Товары для животных;Для грызунов и хорьков;Корма и лакомства;Titbit,Деревенские лакомства Паучи для кошек Обед №4 Тунец с крабом 50 гр 12 шт
1428018901,Товары для животных;Для кошек;Корма и лакомства;Сухие корма;SAVITA,"Лакомство TiTBiT тарталетки для хомяков, с кабачком, фундуком, 8 шт, 64 г"
953711198,Товары для животных;Для кошек;Корма и лакомства;Сухие корма;AlphaPet,"Savita Adult Cat Sterilized Rabbit Сухой беззерновой холистик корм для стерилизованных кошек и кастрированных котов, кролик, 400 г / Савита Holistic Grain Free Prebiotics"
1222004391,Товары для животных;Для кошек;Корма и лакомства;Сухие корма;Royal Canin,Сухой полнорационный корм MONOPROTEIN из индейки для взрослых кошек AlphaPet Superpremium 3 кг
1016410185,Товары для животных;Для рыб и рептилий;Корма для рыб;Tetra,Корм для кошек Royal Canin Ageing Senior 12+ 2 кг
809868905,Товары для животных;Для собак;Корма и лакомства;Влажные корма;Organix,Organix (Органикс) консервы для собак 125 г с цыпленком / 8 шт
1444947774,Товары для животных;Для кошек;Корма и лакомства;Сухие корма;Деревенские лакомства,Сухой корм Деревенские лакомства Холистик Премьер с лососем для кастрированных и стерилизованных кошек 2кг
752062930,Товары для животных;Для собак;Корма и лакомства;Сухие корма;Blitz,BLITZ ADULT SMALL BREEDS LAMB & RICE/корм для взрослых собак мелких пород с ягненком и рисом 2 кг
1417448363,Товары для животных;Для собак;Корма и лакомства;Влажные корма;Grandin,Влажный корм Grandin с курицей и льняным маслом для собак 400 г
541874044,Товары для животных;Для рыб и рептилий;Корма для рыб;Tetra,"Корм Tetra 10л, Cichlid Sticks палочки для всех видов цихловых и крупных декоративных рыб"
1411094497,Товары для животных;Для рыб и рептилий;Корма для рыб;Tetra,"Tetra TetraPRO Energy Multi-Crisps корм для рыб в чипсах, 12 г"
1081191758,Товары для животных;Для кошек;Корма и лакомства;Сухие корма;Felix,"Корм Felix Двойная Вкуснятина для котят до года, с курочкой 600г - 4шт."
1464726657,Товары для животных;Для собак;Корма и лакомства;Лакомства;Мираторг,"Лакомство Мираторг Dental Care для собак крупных пород, с говядиной, 170 г"
1487837413,Товары для животных;Для кошек;Корма и лакомства;Влажные корма;Royal Canin,"Корм Royal Canin Sensitivity Control (в соусе) для кошек при пищевой аллергии/непереносимости, с курицей и рисом, 85 г x 28 шт"
1457480380,Товары для животных;Для кошек;Корма и лакомства;Влажные корма;Royal Canin,"Влажный корм Royal Canin Hair&Skin Care пауч для поддержания здоровья кожи и шерсти кошек (кусочки в желе) с мясом, 85г х 28шт."
951516234,Товары для животных;Для кошек;Корма и лакомства;Сухие корма;SAVITA,SAVITA для котят с индейкой и бурым рисом - 2 кг
1446338909,Товары для животных;Для собак;Корма и лакомства;Сухие корма;FORWARD,"Сухой корм FORWARD Стандарт беззерновой говядина для собак, 10 кг"
1410871899,Товары для животных;Для кошек;Корма и лакомства;Сухие корма;Monge,"Сухой корм Monge Cat Sterilised для стерилизованных кошек с курицей, 1,5 кг"
949663461,Товары для животных;Для собак;Корма и лакомства;Сухие корма;Dog Lunch,Сухой полнорационный корм для взрослых собак средних и крупных пород DogLunch Premium с индейкой и рисом 15кг
269049029,Товары для животных;Ветаптека;Парафармацевтика;Кормовые добавки;GiGi,ПимоПЕТ 5 мг №100
660184200,Товары для животных;Для собак;Корма и лакомства;Сухие корма;SAVITA,SAVITA беззерновой корм для собак малых пород с телятиной - 1 кг
569034962,Товары для животных;Для кошек;Корма и лакомства;Сухие корма;Royal Canin,Роял Канин MAINE COON KITTEN корм для котят породы мейн-кун в возрасте от 3 до 15 месяце 400 г*12 шт
1044853171,Товары для животных;Для собак;Корма и лакомства;Влажные корма;Organix,"Organix монобелковые премиум консервы для собак, с гусем, 9 шт. по 400 гр."
863974022,Товары для животных;Для собак;Корма и лакомства;Сухие корма;Mr.Pet Inc.,"Корм сухой для собак средних и крупных пород Mr.Pet Супер-премиум класса, полнорационный, без добавок, 100% натуральный состав, с говядиной регулар, 3 кг"
1225515106,Товары для животных;Для собак;Корма и лакомства;Сухие корма;SAVITA,"Savita - Сухой корм для взрослых собак, с ягненком и бурым рисом (15 кг)"
1030029318,Товары для животных;Для грызунов и хорьков;Корма и лакомства;Little One,Корм для грызунов сухой Little One / Литл Ван Зеленая долина основной рацион из разнотравья 750г / для кроликов / зоотовары для животных
1277441724,Товары для животных;Для птиц;Корма и лакомства;Exoprima,"Корм для канареек EXOPRIMA ""То что надо!"" 500г"
1421640547,Товары для животных;Для кошек;Корма и лакомства;Сухие корма;Kitekat,"Корм сухой Kitekat Мясной пир для взрослых кошек, 1.9кг"
1483138800,Товары для животных;Для собак;Корма и лакомства;Сухие корма;JJ-SPORT,"Сухой полнорационный корм ""Спринт"" Живая Сила Спорт (JJ-SPORT) с говядиной для взрослых собак для поддержания сердечно-сосудистой системы, крупная гранула 10 кг"
1283423169,Товары для животных;Для кошек;Корма и лакомства;Лакомства;Сушёные лакомства для собак от Марселя,Лососевые палочки 38шт / лосось / лакомства для собак от Марселя
1101355824,Товары для животных;Для собак;Корма и лакомства;Влажные корма;Mypets,"Консервы для собак Mypets с телятиной, 340 г * 12 шт"
1312081705,Товары для животных;Для кошек;Корма и лакомства;Влажные корма;Organic Choice,"Organic Сhoice GF, Влажный корм для кошек, ТУНЕЦ с СИБАСОМ в соусе (6 шт. по 70 гр.)"
1451323849,Товары для животных;Для рыб и рептилий;Корма для рептилий и других насекомоядных;ONTO,"Туркменский таракан консервированный ONTO, 40гр., 1шт."
1439936941,Товары для животных;Для кошек;Корма и лакомства;Сухие корма;Pro Plan Veterinary Diets,"Сухой корм Pro Plan для поддержания красоты шерсти и здоровья кожи, с лососем, пакет, 1.5 кг"
575248789,Товары для животных;Для кошек;Корма и лакомства;Сухие корма;AWARD,"AWARD Healthy growth 400г сухой корм для котят от 1 месяца, беременных и кормящих кошек с индейкой и курицей с добавлением рыбьего жира и семян льна"
1414397051,Товары для животных;Для грызунов и хорьков;Корма и лакомства;Versele-Laga,Корм для дегу Versele-Laga Nature Degu 700 г
1094977053,Товары для животных;Для кошек;Корма и лакомства;Сухие корма;Whiskas,"Корм для кошек сухой вискас, Whiskas Вкусные подушечки, для взрослых кошек, с нежным паштетом и лососем, 1.9 кг"
1247295216,Товары для животных;Ветаптека;Парафармацевтика;Кормовые добавки;Olimpia Village,Лососевое масло для собак и кошек / Масло Дикого Камчатского лосося для животных / Рыбий жир для собак и кошек
1451518868,Товары для животных;Для собак;Корма и лакомства;Сухие корма;PRO PLAN,"Pro Plan корм для собак всех возрастов и пород при заболеваниях почек 1,5 кг"
1454334881,Товары для животных;Для грызунов и хорьков;Корма и лакомства;Зоомир,"Минеральный камень ЗООМИР для грызунов с пробиотиком, 6шт"
1426120912,Товары для животных;Для кошек;Корма и лакомства;Сухие корма;Деревенские лакомства,Деревенские лакомства Холистик Премьер сухой для кошек при чувствительном пищеварении Индейка 2кг
565157558,Товары для животных;Для кошек;Корма и лакомства;Влажные корма;Berkley,Беркли №2 консервы для кошек Кролик с клюквой 200гр х 6шт
1294744336,Товары для животных;Для собак;Корма и лакомства;Влажные корма;Ем до дна,Корм влажный для щенков с говядиной 100 гр.
1314283204,Товары для животных;Для собак;Корма и лакомства;Лакомства;Деревенские лакомства,Деревенские лакомства мясные колбаски для собак с мясом страуса - 45 г х 10 уп
1130128492,Товары для животных;Для птиц;Корма и лакомства;Ясени,"Корм для птиц, канареечное семя 3000г"
888209676,Товары для животных;Для собак;Корма и лакомства;Сухие корма;Farmina,"Сухой корм Farmina N&D SPIRULINA DOG, LAMB ADULT MEDIUM&MAXI, беззерновой корм для взрослых собак средних и крупных пород, Ягненок и Спирулина, 7 кг"
1104077686,Товары для животных;Для собак;Корма и лакомства;Сухие корма;Royal Canin,"Корм сухой Royal Canin Giant Junior для щенков очень крупных пород собак ( > 45 кг) от 8 до 24 месяцев, 3,5 кг"
397659702,Товары для животных;Для кошек;Корма и лакомства;Сухие корма;PRO PLAN,"PRO PLAN для кошек сухой 1,5кг Sterilised Индейка для кастрированных и стерилизованных"
1090945912,Товары для животных;Для собак;Корма и лакомства;Сухие корма;CARNI VET Diet,"CARNI VD DOG GASTROINTESTINAL для собак при растройствах ЖКТ, 2,5 кг"
483405707,Товары для животных;Для кошек;Корма и лакомства;Влажные корма;Best Dinner,"Влажный корм Best Dinner Exclusive Vet Profi Gastro Intestinal для любых кошек, для ЖКТ, кусочки в соусе с ягненком, (24шт по 85г)"
805473065,Товары для животных;Для собак;Корма и лакомства;Лакомства;Мнямс,Ломтики Лакомство МНЯМС для собак грудки утиные сушеные 50 гр
1413918365,Товары для животных;Для кошек;Корма и лакомства;Влажные корма;Best Dinner,"Влажный корм для кошек Best Dinner VET PROFI Gastro Intestinal кусочки в соусе Ягненок, 85 г х 24 шт для чувствительного пищеварения и пищевой непереносимости, пауч (Бест Диннер)"
1327382531,Товары для животных;Для кошек;Корма и лакомства;Сухие корма;Whiskas,"Корм Whiskas для стерилизованных кошек, подушечки с паштетом, курица, 800 г"
701032835,Товары для животных;Для кошек;Корма и лакомства;Влажные корма;Четвероногий Гурман,Влажный корм для котят Четвероногий Гурман Мясное ассорти с говядиной упаковка 6 шт х 190 г
1406403866,Товары для животных;Для лошадей;Корм для лошадей;Два Кота,Сено луговое; не прессованное; отборное; 24 литра
751227323,Товары для животных;Для птиц;Корма и лакомства;Triol,"Корм для средних попугаев, 450г, Triol Original"
1401400176,Товары для животных;Для кошек;Корма и лакомства;Сухие корма;Felix,"FELIX ДВОЙНАЯ ВКУСНЯТИНА / Сухой корм Пурина Феликс для взрослых кошек с мясом, 200 г"
1101732257,Товары для животных;Для кошек;Корма и лакомства;Лакомства;Cattyman,"Лакомство для кошек CattyMan Pet Молочные бисквиты на основе королевской сёмги для чистки зубов , 60 г"
1401969298,Товары для животных;Для рыб и рептилий;Корма для рыб;VladOx,Корм для сомов PLECO SPIRULINA чипсы Германия 250мл
1097596541,Товары для животных;Для грызунов и хорьков;Корма и лакомства;Little One,"Little One ""Зеленая долина"" Корм из разнотравья для дегу, пакет 750 гр * 4 шт"
891155468,Товары для животных;Для собак;Корма и лакомства;Сухие корма;Brit,"BRIT CARE, Сухой корм с морск.рыбой и инд. д/взр.соб ""Dog Adult Sensitive Metabolic"", 1.5 кг"
1385028395,Товары для животных;Для собак;Корма и лакомства;Лакомства;For Dogs,"Лакомство для собак FOR DOGS Рецепт № 9, медальоны из утиного мяса, 500 гр"
1453550728,Товары для животных;Для собак;Корма и лакомства;Сухие корма;Flatazor,"Flatazor Elite Adult Mini. Профессиональный корм супер-премиум класса для взрослых собак мелких пород, 40 важных микроэлементов, защита витаминов и природные антиоксиданты, 20кг"
671635367,Товары для животных;Для кошек;Корма и лакомства;Сухие корма;Purina ONE,"Сухой корм Purina ONE для котят с курицей и цельными злаками, 200 г"
1344709342,Товары для животных;Для кошек;Корма и лакомства;Влажные корма;Royal Canin,Влажный корм Royal Canin Persian Adult (паштет) для кошек 85 г х 24 шт 20300008/24шт
1456928993,Товары для животных;Для собак;Корма и лакомства;Сухие корма;Forza10,Корм MAXI ADULT MAINTENANCE из рыбы
1065537253,Товары для животных;Для кошек;Корма и лакомства;Сухие корма;Primordial,"Primordial CAT Adult GRAIN-FREE Duck&Turkey беззерновой корм для взрослых кошек, со свежей индейкой и уткой, 6 кг"
1440121019,Товары для животных;Для кошек;Корма и лакомства;Влажные корма;Animonda,Корм для домашних животных Vom Feinsten Senior (с говядиной) для кошек 100 г х 32 шт 83857/32шт
1319310346,Товары для животных;Для кошек;Корма и лакомства;Влажные корма;Clan,"CLAN De File консервы для котят с телятиной, 340 г х 12 шт"
1040952092,Товары для животных;Для собак;Корма и лакомства;Лакомства;Зоогурман,"Зоогурман Фермерские Лакомства для собак, легкое говяжье малое (светлое), 50 г"
1323889388,Товары для животных;Для кошек;Корма и лакомства;Сухие корма;Hill's,"Hill's Prescription Diet сухой корм для кошек Metabolic улучшение метаболизма (коррекция веса) с тунцом, 1,5 кг"
1449285557,Товары для животных;Для кошек;Корма и лакомства;Влажные корма;Dr.Clauder's,"Dr. clauders консервы для кошек с печенью, 415 гр х 12 шт"
1210150891,Товары для животных;Для кошек;Корма и лакомства;Сухие корма;D-CaDo Pets,"D-CaDo CAT URINARY корм для стерилизованных взрослых кошек 1,5кг"
907716767,Товары для животных;Для кошек;Корма и лакомства;Сухие корма;Наша Марка,Сухой корм для взрослых кошек с ягненком и рисом 2кг
1349989455,Товары для животных;Ветаптека;Парафармацевтика;Кормовые добавки;Артрогликан,"Артрогликан 3 упаковки (90табл)/Кормовая добавка для суставов собак, кошек, крыс, хорей/Хондропротектор"
1336955831,Товары для животных;Для собак;Корма и лакомства;Влажные корма;NUH,Беззерновой влажный корм для собак суперпремиум с говядиной 340 г NUH - 10 банок
1391096039,Товары для животных;Для кошек;Корма и лакомства;Лакомства;T&Ch,Кошачья мята 1000 грамм сушенная трава лакомство для кошек для привлечения внимания
839138588,Товары для животных;Для собак;Корма и лакомства;Сухие корма;JJ-SPORT,"Сухой полнорационный корм ""Джамп"" Живая Сила Спорт (JJ-SPORT) для взрослых собак, поддержка суставов и хрящей, с ягненком, мелкая гранула 0,4 кг"
1089016497,Товары для животных;Для птиц;Клетки,"Клетка для птиц ,59,5 1 0,5 ."
995692712,Товары для животных;Для кошек;Корма и лакомства;Влажные корма;Animonda,Корм для домашних животных Vom Feinsten Adult (Кролик в сливочном соусе) для кошек 100 г х 32 шт 83010/32шт
1056922396,Товары для животных;Для собак;Корма и лакомства;Лакомства,"Пятачки свиные, сушенные, 2шт. Для мелких, средних и крупных пород собак. Для дрессировки и поощрения, НямДог"
1402066902,Товары для животных;Для собак;Корма и лакомства;Сухие корма;Chammy,Сухой корм CHAMMY для взрослых собак крупных пород с говядиной (12 кг)
1456990588,Товары для животных;Для кошек;Корма и лакомства;Сухие корма;Brit,"РАСПРОДАЖА Brit Care Cat Indoor Stool Odour Reduction 7 кг сухой корм для взрослых домашних кошек, с индейкой и лососем"
780371035,Товары для животных;Для кошек;Корма и лакомства;Влажные корма;Деревенские лакомства,"Влажный корм для кошек ""Деревенские лакомства"" Рыбный обед №2 из тунца с курицей в нежном желе, пауч 50 гр.*12 штук"
1377252997,Товары для животных;Для собак;Корма и лакомства;Сухие корма;Royal Canin,"Royal Canin Mini Starter Mother & Babydog сухой корм для щенков, беременных и лактирующих сук мелких пород - 8,5 кг"
1294952204,Товары для животных;Для собак;Корма и лакомства;Лакомства;Titbit,ТитБит 20шт х 120г Золотая коллекция колбаса Пармская для собак
1262664478,Товары для животных;Для птиц;Корма и лакомства;Grums,"GRUMS Корм для волнистых попугаев, 800 гр."
1317141384,Товары для животных;Для собак;Корма и лакомства;Сухие корма;Holistoff,Сухой корм HOLISTOFF гипоаллергенный для собак и щенков маленьких и средних пород с ягненком и рисом (12 кг)
1126312335,Товары для животных;Для кошек;Корма и лакомства;Сухие корма;Purina ONE,"Корм сухой / Пурина Ван / Purina One для стерилизованных кошек курица-цельные злаки, 750г"
892847354,Товары для животных;Для собак;Корма и лакомства;Лакомства;Country snaсk,"Лакомство Country snack ""Говяжья трахея рубленная"" для собак 60 г."
1317473117,Товары для животных;Для собак;Корма и лакомства;Влажные корма;Inaba Pet Food,"INABA ТОРОМИ (12 шт. по 80 гр.) Консервированный корм для собак, ФИЛЕ КУРИЦЫ, ГОВЯДИНА"
1421450283,Товары для животных;Для собак;Корма и лакомства;Лакомства;Holly Jolly!,Holly Jolly! Лакомство для собак мелких пород Кусочки из курицы 60гр*3шт
1080045130,Товары для животных;Для собак;Корма и лакомства;Влажные корма;МАМОНТ,"Влажный корм для собак с кроликом, Мамонт Стандарт, упаковка 6 шт х 970 г"
1019874380,Товары для животных;Для собак;Корма и лакомства;Сухие корма;GRANDORF,"Сухой корм Grandorf для собак беззерновой, утка с индейкой для средних и крупных пород 3 кг"
1434087167,Товары для животных;Для кошек;Корма и лакомства;Влажные корма;Brit,"Brit Premium кормушка набор паучей для взрослых стерилизованных кошек с лососем, кусочки в соусе - 85 г х 5+1 шт"
1190407485,Товары для животных;Для кошек;Корма и лакомства;Влажные корма;Mealfeel,"Mealfeel Влажный корм (консервы) для кошек, мусс из тунца с топпингом из креветок, 85 гр."
1209166478,Товары для животных;Для собак;Корма и лакомства;Сухие корма;Forza10,Сухой корм для собак Forza10 Mini Maintenance мелких пород /курица /картофель /2 кг
1145350744,Товары для животных;Для собак;Корма и лакомства;Сухие корма;PRO PLAN,PRO PLAN для собак сухой 3кг Adult Small&Mini Sensitive Digestion Ягненок с рисом для мелких пород
991270589,Товары для животных;Для кошек;Корма и лакомства;Влажные корма;Forza10,"Forza10 Natural Pollo Tonno Formaggio влажный корм для взрослых кошек с курицей, сыром и тунцом - 75 г х 24 шт"
1244201268,Товары для животных;Для кошек;Корма и лакомства;Сухие корма;Florida,"Сухой корм FLORIDA для кошек, с чувствительным пищеварением с индейкой и яблоком, 3 кг + 1 кг"
1203668760,Товары для животных;Для кошек;Корма и лакомства;Сухие корма;Деревенские лакомства,Сухой корм Деревенские лакомства Холистик Премьер для стерилизованных кошек с лососем 400 г
1414659692,Товары для животных;Для собак;Корма и лакомства;Лакомства;Titbit,"Лакомство для собак TiTBiT Корень бычий мини, 100 г*2 шт"
1008030702,Товары для животных;Для кошек;Корма и лакомства;Влажные корма;Organix,Organix паучи для котят индейка в соусе 85г - 6 шт.
1457245479,Товары для животных;Для собак;Корма и лакомства;Сухие корма;Brit,"Brit Premium Puppy & Junior Giant & Large / Сухой корм Брит Премиум для Щенков и Молодых собак Крупных и Гигантских пород Курица, 15 кг"
1442632231,Товары для животных;Для кошек;Корма и лакомства;Лакомства;Деревенские лакомства,Деревенские лакомства сердечки для кошек для баланса жизненно необходимых микроэлементов - 30 г
874914949,Товары для животных;Для кошек;Корма и лакомства;Лакомства;Green Line,"Трава для кошек, лакомство для кошек, добавка в корм, вкусняшки, для проращивания"
1447898569,Товары для животных;Для собак;Корма и лакомства;Сухие корма;Royal Canin,"Royal Canin Sensitivity Control SC21 / Ветеринарный сухой корм Роял Канин Сенситивити Контрол для собак с Пищевой аллергией и непереносимостью 1,5 кг"
1341251142,Товары для животных;Ветаптека;Парафармацевтика;Кормовые добавки;Buffet,БИО Витамины BUFFET ВитаЛапки 50 таб поливитаминное лакомство с протеином и L-карнитином для собак
1325313909,Товары для животных;Для собак;Корма и лакомства;Сухие корма;AJO,Сухой корм Ajo Dog PUPPY & JUNIOR полнорационный с гречкой для щенков и молодых собак средних и крупных пород 2 кг
1317772994,Товары для животных;Для кошек;Корма и лакомства;Сухие корма;Belkorm,Корм для кошек
1259346068,Товары для животных;Для птиц;Корма и лакомства;Вака,"Вака Корм Плюс для мелких и средних попугаев 500г,3 шт"
1150405248,Товары для животных;Для собак;Корма и лакомства;Лакомства;Titbit,Лакомство для собак ТитБит косточки мясные с говядиной 145г
161868672,Товары для животных;Для рыб и рептилий;Корма для рыб;Tetra,Корм для рыб Tetra Goldfish Colour Flakes 100мл хлопья
653259854,Товары для животных;Для кошек;Корма и лакомства;Влажные корма;Schesir,Schesir кусочки в желе со вкусом тунца и дорадо (6шт по 100Г)
1494961837,Товары для животных;Для кошек;Корма и лакомства;Влажные корма;Whiskas,"Влажный корм для кошек Whiskas Мясная коллекция, кусочки в желе с говядиной, 75 г x 28"
1256371240,Товары для животных;Для собак;Корма и лакомства;Влажные корма;Родные Корма,Корм Знастные Собаки; Упаковка 12 ШТУК; РОДНЫЕ КОРМА 340 г знатные консервы 100 % конина для собак 1х12
881981212,Товары для животных;Для собак;Корма и лакомства;Сухие корма;Royal Canin,Корм для взрослых собак Royal Canin Pug Adult сухой для породы Мопс от 10 месяцев
1464649307,Товары для животных;Для кошек;Корма и лакомства;Влажные корма;PRIME,Влажный корм для любых кошек Prime Nature Куриное филе (пауч) (24шт х 100гр)
804915960,Товары для животных;Для собак;Корма и лакомства;Влажные корма;Crave,"Влажный корм Crave пауч для собак, Ягненок, 85 гр. х 28 шт"
1434066243,Товары для животных;Для кошек;Корма и лакомства;Сухие корма;PRO PLAN,"Сухой корм Pro Plan для взрослых стерилизованных кошек и кастрированных котов, с высоким содержанием лосося 10кг."
1247195786,Товары для животных;Для кошек;Корма и лакомства;Влажные корма;PRO PLAN,"Pro Plan влажный корм для взрослых кошек всех пород, индейка, деликатное пищеварение (26шт в уп) 85 гр, паучи"
974369477,Товары для животных;Для собак;Корма и лакомства;Лакомства;SCOOBY,"Лакомства для собак мелких пород и крупных SCOOBY щенков, сушеное натуральное говяжье легкое, 100 гр"
722338429,Товары для животных;Для кошек;Корма и лакомства;Сухие корма;PREMIER,Сухой корм для котят PREMIER. Индейка. 400г
890805518,Товары для животных;Для собак;Корма и лакомства;Сухие корма;Холка,"Корм Холка для щенков средних и крупных пород, с говядиной и рисом, 7 кг"
1031512875,Товары для животных;Для кошек;Корма и лакомства;Влажные корма;PRO PLAN,"Pro Plan Sterilised влажный корм для взрослых стерилизованных кошек с говядиной в соусе, в паучах - 85 г х 26 шт"
984129585,Товары для животных;Для собак;Корма и лакомства;Сухие корма;Mr.Buffalo,Mr.Buffalo Adult Mini полнорационный сухой корм для взрослых собак миниатюрных пород с ягненком - 800 г
1073739545,Товары для животных;Для собак;Корма и лакомства;Лакомства;Molina,Лакомство MOLINA для взрослых собак колбаски с курицей и индейкой (20 гр)x10 штук
811793129,Товары для животных;Для собак;Корма и лакомства;Лакомства;SVB-IN,"SVB-IN Лакомство для собак Трахея говяжья для мелких пород собак S, 90-100 гр"
1398230919,Товары для животных;Для кошек;Корма и лакомства;Сухие корма;AJO,"Сухой корм AJO Sterile для активных стерилизованных кошек, 1,5кг"
1342209916,Товары для животных;Для собак;Корма и лакомства;Сухие корма;Myfoodie,"Сухой беззерновой корм для собак MYFOODIE MG GEO с кусочками ОЛЕНИНЫ и моркови, 1,8 кг"
565156943,Товары для животных;Для кошек;Корма и лакомства;Влажные корма;PRO PLAN,"Влажный корм Pro Plan Nutri Savour Derma Care для взрослых кошек, нежные кусочки с треской, в соусе, Пауч, 85 гр. 26 шт."
818285518,Товары для животных;Для собак;Корма и лакомства;Лакомства,"Печенье для собак из говяжьей печени 350гр / размер 1,5 х 1,5 см, 1 уп"
1029706625,Товары для животных;Для кошек;Корма и лакомства;Сухие корма;1st Choice,"1ST CHOICE GF DERMA Сухой корм для кошек с гиперчувствительной кожей (ЛОСОСЬ), 1,8 кг"
1442205633,Товары для животных;Для собак;Корма и лакомства;Лакомства;HorDog,"Лакомство для собак ""Пятачки свиные"" 1кг HorDog"
1439474445,Товары для животных;Ветаптека;Парафармацевтика;Кормовые добавки;Фармавит Актив,Витаминно-минеральный комплекс С-Ш Фармавит АКТИВ для собак Красота и здоровье шерсти 120таб.
1444552162,Товары для животных;Для собак;Корма и лакомства;Сухие корма;Myfoodie,"Myfoodie mg hair care сухой корм для собак уход за шерстью, с кусочками курицы, 1,5 кг"
957329452,Товары для животных;Для собак;Корма и лакомства;Лакомства;Амиго,Лакомство для собак - Трахея говяжья сушеная (кольца) 100 гр.
1416782833,Товары для животных;Для собак;Корма и лакомства;Сухие корма;PETVADOR,Полнорационный сухой корм для взрослых собак средних и крупных пород с чувствительным пищеварением 15 кг
355335112,Товары для животных;Для кошек;Корма и лакомства;Лакомства;EQOS,"Кошачья мята / Палочки мататаби отборные для кошек 10 штук, Лакомство для кошек, Игрушка для котят и котов с витаминами"
1450877787,Товары для животных;Для птиц;Корма и лакомства,"Комплексный корм для попугаев и птиц, 1000 грамм"
1115569073,Товары для животных;Для кошек;Корма и лакомства;Лакомства;Хрустик,Корень бычий для собак 30см. (1 шт)
1494215127,Товары для животных;Для собак;Корма и лакомства;Сухие корма;GRANDORF,Грандорф для щенков всех пород с ягнёнком и индейкой 3 кг (Низкозерновой сухой корм GRANDORF Lamb & Turkey Puppy All Breed)
358870335,Товары для животных;Для собак;Корма и лакомства;Влажные корма;Мнямс,"Мнямс Влажный корм для собак всех пород Конфи по-гасконски / Утка с малиной, 200г х 12шт"
1431935998,Товары для животных;Для кошек;Корма и лакомства;Сухие корма;PRO PLAN,Сухой корм для кошек Pro Plan Delicate при чувствительном пищеварении с ягненком 1.5 кг
707940072,Товары для животных;Для собак;Корма и лакомства;Влажные корма;Наша Марка,"Корм Наша Марка (паштет) для собак, с говяжьим ливером и рисом, 110 г x 20 шт"
1031977093,Товары для животных;Для кошек;Корма и лакомства;Лакомства;DOGAM,Говяжьи носогубы Dogam 300 грамм
1317581233,Товары для животных;Для грызунов и хорьков;Корма и лакомства;Престиж Футон,"Лакомство для грызунов Престиж ""Домик Хомы"""
1290109966,Товары для животных;Для собак;Корма и лакомства;Влажные корма;Cesar,"Cesar для взрослых собак, с говядиной, кроликом и шпинатом в соусе, 85г"
249720031,Товары для животных;Для собак;Корма и лакомства;Сухие корма;Royal Canin,Корм для домашних животных Royal Canin West Highland White Terrier для собак породы Вест-Хайленд Уайт терьер 3 кг 39810300
193814040,Товары для животных;Для собак;Корма и лакомства;Лакомства;Beaphar,"Beaphar ( Беафар ) Лакомство витамины Doggys Biotin с биотином для собак, 75 таблеток"
1448311662,Товары для животных;Для собак;Корма и лакомства;Сухие корма;Elato,"Сухой корм Elato Holistic для взрослых собак мелких пород с курицей и уткой, 500г"
1354273003,Товары для животных;Для кошек;Корма и лакомства;Влажные корма;Dezzie,"Корм для кошек стерилизованных влажный DEZZIE Sterilized Cat Turkey (пауч)12шт - 85г, Индейка в соусе"
1500653746,Товары для животных;Для птиц;Корма и лакомства;Родные Корма,"Корм РОДНЫЕ КОРМА для волнистых попугаев, с овощами, 500 г"
1069263701,Товары для животных;Для рыб и рептилий;Корма для рыб;Tetra,Хлопья TETRA MALAWI FLAKES корм хлопья для травоядных цихлид (1 л)
1411438640,Товары для животных;Для собак;Корма и лакомства;Влажные корма;Solid Natura,"Влажный корм для собак Solid Natura Holistic индейка, упаковка 12 шт х 340 г"
1157428218,Товары для животных;Для кошек;Корма и лакомства;Влажные корма;Ночной охотник,"""Ночной охотник"" консервы для кошек Говядина/печень кусочки желе 415г (20шт)"
1284389856,Товары для животных;Для собак;Корма и лакомства;Лакомства;Vkusno.pet,"Вымя говяжье натуральное лакомство для собак мелких, средних и крупных пород"
1402182112,Товары для животных;Для собак;Корма и лакомства;Каши;Альма,"Каша с гречкой ""Альма"" /Корм для собак натуральный"
248806314,Товары для животных;Для кошек;Корма и лакомства;Сухие корма;Наша Марка,"Корм Наша Марка для кошек, с цыпленком и рисом, 400 г"
166091782,Товары для животных;Для собак;Корма и лакомства;Сухие корма;ProХвост / Прохвост,"Корм сухой для собак PROХВОСТ, мясное ассорти, для всех пород, 0.5 кг, 1 шт"
851883259,Товары для животных;Для грызунов и хорьков;Корма и лакомства;Экоптица,"Сенегальское ПРОСО 0,3кг (очищенное), корм для птиц и грызунов"
1284518997,Товары для животных;Для кошек;Корма и лакомства;Сухие корма;AlphaPet,"Сухой корм AlphaPet WOW Superpremium, для стерилизованных кошек и котов, с индейкой и потрошками 7 кг"
1069654433,Товары для животных;Для кошек;Корма и лакомства;Сухие корма;ДАРЛИНГ,Дарлинг сухой корм для взрослых кошек с птицей и овощами - 760 г
1220357312,Товары для животных;Для собак;Корма и лакомства;Влажные корма;Hill's,"Влажный корм (консерва) Hill's Science Plan Small&Mini Perfect Weight для взрослых собак мелких пород с индейкой,3шт. по 200г"
1430116019,Товары для животных;Для собак;Корма и лакомства;Влажные корма;Dog Lunch,Dog Lunch консервы для собак крем-суфле Ягненок с курицей 125г (10 штук)
564253101,Товары для животных;Для собак;Корма и лакомства;Лакомства;Triol,"Лакомство для собак Triol / Триол DENTAL NORM для взрослых животных средних пород, жевательные палочки 75г / сухой корм (комплект из 10 шт)"
1432466927,Товары для животных;Для грызунов и хорьков;Корма и лакомства,Копошилка для попугаев и грызунов/Лакомство/Игрушка для попугаев и грызунов
1097678167,Товары для животных;Для кошек;Корма и лакомства;Сухие корма;Royal Canin,"Сухой корм Royal Canin Indoor Long Hair для длинношерстных домашних кошек, с курицей, 10 кг"
1469123316,Товары для животных;Для собак;Корма и лакомства;Сухие корма;Мираторг,"Корм Мираторг Expert Obesity для собак, при избыточном весе и ожирении, 1.5 кг"
1016938619,Товары для животных;Для кошек;Корма и лакомства;Сухие корма;Merry Pets,Merry Pets полнорационный сухой корм для стерилизованных кошек
735223369,Товары для животных;Для собак;Корма и лакомства;Влажные корма;Grandin,Влажный корм Grandin с ягненком и льняным маслом для собак 200 г
1407127417,Товары для животных;Для собак;Корма и лакомства;Сухие корма;ALLEVA,"Сухой корм Alleva Care Dog Gastrointestinal Low Fat / Аллева Кэр Гастроинтестинал с низким содержанием жиров, для взрослых собак всех пород, с заболеваниями ЖКТ, курица, 5 кг"
1315403205,Товары для животных;Для кошек;Корма и лакомства;Влажные корма;Деревенские лакомства,Деревенские лакомства Паучи для кошек Обед №4 Тунец с крабом 50 гр 12 шт
1423221201,Товары для животных;Для грызунов и хорьков;Корма и лакомства;Titbit,"Лакомство TiTBiT тарталетки для хомяков, с кабачком, фундуком, 8 шт, 64 г"
1091798108,Товары для животных;Для кошек;Корма и лакомства;Сухие корма;Royal Canin,"Royal Canin Breed cat Kitten British Shorthair / Сухой корм Роял Канин для Котят породы Британская короткошерстная в возрасте от 4 до 12 месяцев, 2 кг"
1201388936,Товары для животных;Для кошек;Корма и лакомства;Сухие корма;SAVITA,"Savita Adult Cat Sterilized Rabbit Сухой беззерновой холистик корм для стерилизованных кошек и кастрированных котов, кролик, 400 г / Савита Holistic Grain Free Prebiotics"
1447871047,Товары для животных;Для кошек;Корма и лакомства;Сухие корма;AlphaPet,Сухой полнорационный корм MONOPROTEIN из индейки для взрослых кошек AlphaPet Superpremium 3 кг
1407165728,Товары для животных;Для кошек;Корма и лакомства;Сухие корма;Royal Canin,Корм для кошек Royal Canin Ageing Senior 12+ 2 кг
1350717791,Товары для животных;Для собак;Корма и лакомства;Влажные корма;Organix,Organix (Органикс) консервы для собак 125 г с цыпленком / 8 шт
1352713624,Товары для животных;Для собак;Корма и лакомства;Сухие корма;Blitz,BLITZ ADULT SMALL BREEDS LAMB & RICE/корм для взрослых собак мелких пород с ягненком и рисом 2 кг
1464958791,Товары для животных;Для кошек;Корма и лакомства;Сухие корма;Деревенские лакомства,Сухой корм Деревенские лакомства Холистик Премьер с лососем для кастрированных и стерилизованных кошек 2кг
1047801608,Товары для животных;Для рыб и рептилий;Корма для рыб;Tetra,"Tetra TetraPRO Energy Multi-Crisps корм для рыб в чипсах, 12 г"
998920592,Товары для животных;Для кошек;Корма и лакомства;Сухие корма;Felix,"Корм Felix Двойная Вкуснятина для котят до года, с курочкой 600г - 4шт."
1430700353,Товары для животных;Для собак;Корма и лакомства;Лакомства;Мираторг,"Лакомство Мираторг Dental Care для собак крупных пород, с говядиной, 170 г"
1436083509,Товары для животных;Для кошек;Корма и лакомства;Влажные корма;Royal Canin,"Корм Royal Canin Sensitivity Control (в соусе) для кошек при пищевой аллергии/непереносимости, с курицей и рисом, 85 г x 28 шт"
1044853131,Товары для животных;Для кошек;Корма и лакомства;Сухие корма;SAVITA,SAVITA для котят с индейкой и бурым рисом - 2 кг
1477361612,Товары для животных;Для собак;Корма и лакомства;Сухие корма;FORWARD,"Сухой корм FORWARD Стандарт беззерновой говядина для собак, 10 кг"
1391060646,Товары для животных;Для кошек;Корма и лакомства;Сухие корма;Monge,"Сухой корм Monge Cat Sterilised для стерилизованных кошек с курицей, 1,5 кг"
1048701728,Товары для животных;Для собак;Корма и лакомства;Сухие корма;Dog Lunch,Сухой полнорационный корм для взрослых собак средних и крупных пород DogLunch Premium с индейкой и рисом 15кг
1414420937,Товары для животных;Ветаптека;Парафармацевтика;Кормовые добавки;GiGi,ПимоПЕТ 5 мг №100
1476096488,Товары для животных;Для собак;Корма и лакомства;Сухие корма;SAVITA,SAVITA беззерновой корм для собак малых пород с телятиной - 1 кг
954620011,Товары для животных;Для собак;Корма и лакомства;Сухие корма;Mr.Pet Inc.,"Корм сухой для собак средних и крупных пород Mr.Pet Супер-премиум класса, полнорационный, без добавок, 100% натуральный состав, с говядиной регулар, 3 кг"
1336448222,Товары для животных;Для кошек;Корма и лакомства;Сухие корма;Kitekat,"Корм сухой Kitekat Мясной пир для взрослых кошек, 1.9кг"
1079751713,Товары для животных;Для собак;Корма и лакомства;Сухие корма;JJ-SPORT,"Сухой полнорационный корм ""Спринт"" Живая Сила Спорт (JJ-SPORT) с говядиной для взрослых собак для поддержания сердечно-сосудистой системы, крупная гранула 10 кг"
1230266851,Товары для животных;Для кошек;Корма и лакомства;Лакомства;Сушёные лакомства для собак от Марселя,Лососевые палочки 38шт / лосось / лакомства для собак от Марселя
1234227301,Товары для животных;Для собак;Корма и лакомства;Влажные корма;Mypets,"Консервы для собак Mypets с телятиной, 340 г * 12 шт"
1495880906,Товары для животных;Для рыб и рептилий;Корма для рептилий и других насекомоядных;ONTO,"Туркменский таракан консервированный ONTO, 40гр., 1шт."
